{
  "feature_names": [
    "avg_hr",
    "max_hr",
    "min_hr",
    "std_hr",
    "rmssd",
    "avg_accel_mag",
    "max_accel_mag",
    "std_accel_mag",
    "avg_ax",
    "avg_ay",
    "avg_az",
    "std_ax",
    "std_ay",
    "std_az",
    "avg_gyro_mag",
    "max_gyro_mag",
    "std_gyro_mag",
    "avg_gx",
    "avg_gy",
    "avg_gz",
    "std_gx",
    "std_gy",
    "std_gz",
    "hr_stress_indicator",
    "sensor_stress_indicator"
  ],
  "mean": [
    72.04458632334318,
    74.15111861544956,
    70.06943858168003,
    1.4960470208195935,
    16.052185062516507,
    0.999731165474217,
    1.0198702519335567,
    0.013820228720128471,
    0.008661375743190565,
    0.2585295097694178,
    -0.06097496639971759,
    0.060137151977490665,
    0.0467000242701634,
    0.04934906185932561,
    8.060872799178778,
    20.84032226698169,
    6.346138280133729,
    -0.20413724880465595,
    -0.31994141099766954,
    -0.22753096693955743,
    5.915250079392235,
    4.184768846248896,
    5.2891888452760165,
    0.001266357112705783,
    0.0006331785563528915
  ],
  "scale": [
    12.149387009841258,
    12.788195662620794,
    11.845148642848551,
    1.8537003146281972,
    15.440285162579567,
    0.035083450972566585,
    0.08470019101299052,
    0.035419930561869636,
    0.5025336055356049,
    0.5632778366569977,
    0.5654199977319045,
    0.12663883122316918,
    0.0938130794693603,
    0.09442267792013766,
    14.567830436252063,
    35.89508016261442,
    11.207643848820219,
    4.238080547382361,
    3.412079163490749,
    3.4842168091431427,
    11.23357646676216,
    8.64200655266385,
    10.944834996722044,
    0.03556337234246687,
    0.02515507187961668
  ],
  "n_features": 25,
  "scaling_formula": "normalized_value = (raw_value - mean) / scale"
}